filename,subject_keywords,color_keywords,copy_keywords
900.png,夹板、印章、纸张、合同,蓝、青、紫,作文、范文、写作、满分作文、单元作文、节日作文、应用作文、读后感、计划总结、总结汇报、申请证明、名师精选范文、万能写作模板、精品写作素材、标准格式范文、作文百篇精选、范文模板大全、全年级单元作文、作文三步速成、海量范文素材、试卷、试题、题库、真题、考试、模考、单元检测、同步单元测试、期中期末、月考模拟、专项突破、易错题、答案解析、资料下载、学科专项、历年名校联考
901.png,夹板、印章、纸张、合同,蓝、青、紫,作文、范文、写作、满分作文、单元作文、节日作文、应用作文、读后感、计划总结、总结汇报、申请证明、名师精选范文、万能写作模板、精品写作素材、标准格式范文、作文百篇精选、范文模板大全、全年级单元作文、作文三步速成、海量范文素材、试卷、试题、题库、真题、考试、模考、单元检测、同步单元测试、期中期末、月考模拟、专项突破、易错题、答案解析、资料下载、学科专项、历年名校联考
902.png,夹板、印章、纸张、合同,蓝、青、紫,作文、范文、写作、满分作文、单元作文、节日作文、应用作文、读后感、计划总结、总结汇报、申请证明、名师精选范文、万能写作模板、精品写作素材、标准格式范文、作文百篇精选、范文模板大全、全年级单元作文、作文三步速成、海量范文素材、试卷、试题、题库、真题、考试、模考、单元检测、同步单元测试、期中期末、月考模拟、专项突破、易错题、答案解析、资料下载、学科专项、历年名校联考
903.png,夹板、印章、纸张、合同,蓝、青、紫,作文、范文、写作、满分作文、单元作文、节日作文、应用作文、读后感、计划总结、总结汇报、申请证明、名师精选范文、万能写作模板、精品写作素材、标准格式范文、作文百篇精选、范文模板大全、全年级单元作文、作文三步速成、海量范文素材、试卷、试题、题库、真题、考试、模考、单元检测、同步单元测试、期中期末、月考模拟、专项突破、易错题、答案解析、资料下载、学科专项、历年名校联考
904.png,笔记本、笔、优质,蓝、紫、橙,作文、范文、写作、满分作文、单元作文、节日作文、应用作文、读后感、计划总结、总结汇报、申请证明、名师精选范文、万能写作模板、精品写作素材、标准格式范文、作文百篇精选、范文模板大全、全年级单元作文、作文三步速成、海量范文素材
905.png,笔记本、满分、范文,粉、紫、蓝,作文、范文、写作、满分作文、单元作文、节日作文、应用作文、读后感、计划总结、总结汇报、申请证明、名师精选范文、万能写作模板、精品写作素材、标准格式范文、作文百篇精选、范文模板大全、全年级单元作文、作文三步速成、海量范文素材、试卷、试题、题库、真题、考试、模考、单元检测、同步单元测试、期中期末、月考模拟、专项突破、易错题、答案解析、资料下载、学科专项、历年名校联考
906.png,夹板、笔、纸张,粉、橙、青,作文、范文、写作、满分作文、单元作文、节日作文、应用作文、读后感、计划总结、总结汇报、申请证明、名师精选范文、万能写作模板、精品写作素材、标准格式范文、作文百篇精选、范文模板大全、全年级单元作文、作文三步速成、海量范文素材、试卷、试题、题库、真题、考试、模考、单元检测、同步单元测试、期中期末、月考模拟、专项突破、易错题、答案解析、资料下载、学科专项、历年名校联考
907.png,清单、勾选、文档,橙、红、青,试卷、试题、题库、真题、考试、模考、单元检测、同步单元测试、期中期末、月考模拟、专项突破、易错题、答案解析、资料下载、学科专项、历年名校联考、资格考试、高效出卷、有效提分、提分密卷、考点速刷、套卷下载、模板、合同、租房合同、离职报告、工作总结、月度总结、季度总结、年度总结、办公文档、协议、婚前协议、离婚协议、遗嘱模板、财产赠与
908.png,笔记本、文件夹、作文,橙、青、黄,作文、范文、写作、满分作文、单元作文、节日作文、应用作文、读后感、计划总结、总结汇报、申请证明、名师精选范文、万能写作模板、精品写作素材、标准格式范文、作文百篇精选、范文模板大全、全年级单元作文、作文三步速成、海量范文素材、模板、合同、租房合同、离职报告、工作总结、月度总结、季度总结、年度总结、办公文档、协议、婚前协议、离婚协议、遗嘱模板、财产赠与、精品模板下载、万篇模板下载
909.png,书本、范文、纸张,红、橙、黄,作文、范文、写作、满分作文、单元作文、节日作文、应用作文、读后感、计划总结、总结汇报、申请证明、名师精选范文、万能写作模板、精品写作素材、标准格式范文、作文百篇精选、范文模板大全、全年级单元作文、作文三步速成、海量范文素材、教辅、答案、解析、难题视频讲解、整本答案核对、整本教辅答案、同步教学进度、各科教辅覆盖、全年教辅资料、视频讲解
910.png,书本、试卷、纸张,红、橙、黄,作文、范文、写作、满分作文、单元作文、节日作文、应用作文、读后感、计划总结、总结汇报、申请证明、名师精选范文、万能写作模板、精品写作素材、标准格式范文、作文百篇精选、范文模板大全、全年级单元作文、作文三步速成、海量范文素材、试卷、试题、题库、真题、考试、模考、单元检测、同步单元测试、期中期末、月考模拟、专项突破、易错题、答案解析、资料下载、学科专项、历年名校联考
911.png,纸张、试卷、放大镜,红、粉、黄,作文、范文、写作、满分作文、单元作文、节日作文、应用作文、读后感、计划总结、总结汇报、申请证明、名师精选范文、万能写作模板、精品写作素材、标准格式范文、作文百篇精选、范文模板大全、全年级单元作文、作文三步速成、海量范文素材、试卷、试题、题库、真题、考试、模考、单元检测、同步单元测试、期中期末、月考模拟、专项突破、易错题、答案解析、资料下载、学科专项、历年名校联考
912.png,笔记本、三角尺、数学,黄、橙、青,作文、范文、写作、满分作文、单元作文、节日作文、应用作文、读后感、计划总结、总结汇报、申请证明、名师精选范文、万能写作模板、精品写作素材、标准格式范文、作文百篇精选、范文模板大全、全年级单元作文、作文三步速成、海量范文素材、学习、文具、数学、课堂
913.png,文档、放大镜、精选,青、蓝、黄,模板、合同、租房合同、离职报告、工作总结、月度总结、季度总结、年度总结、办公文档、协议、婚前协议、离婚协议、遗嘱模板、财产赠与、精品模板下载、万篇模板下载、通用模板、报告、申请书、教辅、答案、解析、难题视频讲解、整本答案核对、整本教辅答案、同步教学进度、各科教辅覆盖、全年教辅资料、视频讲解、搜索、查找、资料下载、答案解析
915.png,写字板、笔,青、蓝、橙,作文、范文、写作、满分作文、单元作文、节日作文、应用作文、读后感、计划总结、总结汇报、申请证明、名师精选范文、万能写作模板、精品写作素材、标准格式范文、作文百篇精选、范文模板大全、全年级单元作文、作文三步速成、海量范文素材
916.png,日历、课表、游戏,黄、青、橙,试卷、试题、题库、真题、考试、模考、单元检测、同步单元测试、期中期末、月考模拟、专项突破、易错题、答案解析、资料下载、学科专项、历年名校联考、资格考试、高效出卷、有效提分、提分密卷、考点速刷、套卷下载、轻阅读、趣味知识、趣味知识游戏、十万个为什么、猜字谜、歇后语、猜诗句
917.png,笔记本、灯泡,青、黄、绿,作文、范文、写作、满分作文、单元作文、节日作文、应用作文、读后感、计划总结、总结汇报、申请证明、名师精选范文、万能写作模板、精品写作素材、标准格式范文、作文百篇精选、范文模板大全、全年级单元作文、作文三步速成、海量范文素材
918.png,清单、铅笔,蓝、黄、橙,作文、范文、写作、满分作文、单元作文、节日作文、应用作文、读后感、计划总结、总结汇报、申请证明、名师精选范文、万能写作模板、精品写作素材、标准格式范文、作文百篇精选、范文模板大全、全年级单元作文、作文三步速成、海量范文素材、试卷、试题、题库、真题、考试、模考、单元检测、同步单元测试、期中期末、月考模拟、专项突破、易错题、答案解析、资料下载、学科专项、历年名校联考
919.png,清单、铅笔,青、绿、蓝,作文、范文、写作、满分作文、单元作文、节日作文、应用作文、读后感、计划总结、总结汇报、申请证明、名师精选范文、万能写作模板、精品写作素材、标准格式范文、作文百篇精选、范文模板大全、全年级单元作文、作文三步速成、海量范文素材、试卷、试题、题库、真题、考试、模考、单元检测、同步单元测试、期中期末、月考模拟、专项突破、易错题、答案解析、资料下载、学科专项、历年名校联考
920.png,试卷、热门、铅笔,蓝、青、黄,作文、范文、写作、满分作文、单元作文、节日作文、应用作文、读后感、计划总结、总结汇报、申请证明、名师精选范文、万能写作模板、精品写作素材、标准格式范文、作文百篇精选、范文模板大全、全年级单元作文、作文三步速成、海量范文素材、试卷、试题、题库、真题、考试、模考、单元检测、同步单元测试、期中期末、月考模拟、专项突破、易错题、答案解析、资料下载、学科专项、历年名校联考
921.png,AI、纸张、范文,青、蓝、绿,AI写作、AI文章生成、在线文案生成、智能润色、智能润色改写、一键扩写、深度创作、专业文稿创作、文案生成、写文案、写大纲、帮我写作文、帮我写总结、帮我写心得、帮我写计划、AI写作搭子、作文、范文、写作、满分作文、单元作文、节日作文、应用作文、读后感、计划总结、总结汇报、申请证明、名师精选范文、万能写作模板、精品写作素材、标准格式范文、作文百篇精选、范文模板大全、全年级单元作文、作文三步速成、海量范文素材
922.png,AI、作文、范文,蓝、青、黄,AI写作、AI文章生成、在线文案生成、智能润色、智能润色改写、一键扩写、深度创作、专业文稿创作、文案生成、写文案、写大纲、帮我写作文、帮我写总结、帮我写心得、帮我写计划、AI写作搭子、作文、范文、写作、满分作文、单元作文、节日作文、应用作文、读后感、计划总结、总结汇报、申请证明、名师精选范文、万能写作模板、精品写作素材、标准格式范文、作文百篇精选、范文模板大全、全年级单元作文、作文三步速成、海量范文素材
923.png,AI、铅笔、精选,蓝、紫、青,AI写作、AI文章生成、在线文案生成、智能润色、智能润色改写、一键扩写、深度创作、专业文稿创作、文案生成、写文案、写大纲、帮我写作文、帮我写总结、帮我写心得、帮我写计划、AI写作搭子、作文、范文、写作、满分作文、单元作文、节日作文、应用作文、读后感、计划总结、总结汇报、申请证明、名师精选范文、万能写作模板、精品写作素材、标准格式范文、作文百篇精选、范文模板大全、全年级单元作文、作文三步速成、海量范文素材
924.png,试卷、AI、精选,蓝、青、紫,AI写作、AI文章生成、在线文案生成、智能润色、智能润色改写、一键扩写、深度创作、专业文稿创作、文案生成、写文案、写大纲、帮我写作文、帮我写总结、帮我写心得、帮我写计划、AI写作搭子、试卷、试题、题库、真题、考试、模考、单元检测、同步单元测试、期中期末、月考模拟、专项突破、易错题、答案解析、资料下载、学科专项、历年名校联考、资格考试、高效出卷、有效提分、提分密卷
925.png,文件夹、文档、优质,蓝、青、紫,模板、合同、租房合同、离职报告、工作总结、月度总结、季度总结、年度总结、办公文档、协议、婚前协议、离婚协议、遗嘱模板、财产赠与、精品模板下载、万篇模板下载、通用模板、报告、申请书
926.png,文件夹、文档、下载,橙、黄、蓝,模板、合同、租房合同、离职报告、工作总结、月度总结、季度总结、年度总结、办公文档、协议、婚前协议、离婚协议、遗嘱模板、财产赠与、精品模板下载、万篇模板下载、通用模板、报告、申请书
927.png,文件夹、文档、小学、下载,蓝、红、紫,模板、合同、租房合同、离职报告、工作总结、月度总结、季度总结、年度总结、办公文档、协议、婚前协议、离婚协议、遗嘱模板、财产赠与、精品模板下载、万篇模板下载、通用模板、报告、申请书
928.png,文具、书本、铅笔,黄、橙、蓝,作文、范文、写作、满分作文、单元作文、节日作文、应用作文、读后感、计划总结、总结汇报、申请证明、名师精选范文、万能写作模板、精品写作素材、标准格式范文、作文百篇精选、范文模板大全、全年级单元作文、作文三步速成、海量范文素材、教辅、答案、解析、难题视频讲解、整本答案核对、整本教辅答案、同步教学进度、各科教辅覆盖、全年教辅资料、视频讲解、学习、文具、数学、课堂
929.png,证书、纸、文字,黄、粉、橙,模板、合同、租房合同、离职报告、工作总结、月度总结、季度总结、年度总结、办公文档、协议、婚前协议、离婚协议、遗嘱模板、财产赠与、精品模板下载、万篇模板下载、通用模板、报告、申请书
930.png,书本、铅笔、便签,红、黄、橙,作文、范文、写作、满分作文、单元作文、节日作文、应用作文、读后感、计划总结、总结汇报、申请证明、名师精选范文、万能写作模板、精品写作素材、标准格式范文、作文百篇精选、范文模板大全、全年级单元作文、作文三步速成、海量范文素材、教辅、答案、解析、难题视频讲解、整本答案核对、整本教辅答案、同步教学进度、各科教辅覆盖、全年教辅资料、视频讲解
931.png,文档、资料、合同、素材,青、绿、黄,模板、合同、租房合同、离职报告、工作总结、月度总结、季度总结、年度总结、办公文档、协议、婚前协议、离婚协议、遗嘱模板、财产赠与、精品模板下载、万篇模板下载、通用模板、报告、申请书
932.png,试卷、文章,青、蓝、绿,试卷、试题、题库、真题、考试、模考、单元检测、同步单元测试、期中期末、月考模拟、专项突破、易错题、答案解析、资料下载、学科专项、历年名校联考、资格考试、高效出卷、有效提分、提分密卷、考点速刷、套卷下载、教辅、答案、解析、难题视频讲解、整本答案核对、整本教辅答案、同步教学进度、各科教辅覆盖、全年教辅资料、视频讲解
933.png,文件夹、文档、小学,黄、橙、粉,模板、合同、租房合同、离职报告、工作总结、月度总结、季度总结、年度总结、办公文档、协议、婚前协议、离婚协议、遗嘱模板、财产赠与、精品模板下载、万篇模板下载、通用模板、报告、申请书
934.png,文件夹、文档、小学,蓝、黄、青,模板、合同、租房合同、离职报告、工作总结、月度总结、季度总结、年度总结、办公文档、协议、婚前协议、离婚协议、遗嘱模板、财产赠与、精品模板下载、万篇模板下载、通用模板、报告、申请书
935.png,节日、作文、精选,青、橙、黄,作文、范文、写作、满分作文、单元作文、节日作文、应用作文、读后感、计划总结、总结汇报、申请证明、名师精选范文、万能写作模板、精品写作素材、标准格式范文、作文百篇精选、范文模板大全、全年级单元作文、作文三步速成、海量范文素材
936.png,AI文档、表单、智能,青、蓝、绿,AI写作、AI文章生成、在线文案生成、智能润色、智能润色改写、一键扩写、深度创作、专业文稿创作、文案生成、写文案、写大纲、帮我写作文、帮我写总结、帮我写心得、帮我写计划、AI写作搭子
937.png,PDF文件、文档、精选,黄、蓝、粉,模板、合同、租房合同、离职报告、工作总结、月度总结、季度总结、年度总结、办公文档、协议、婚前协议、离婚协议、遗嘱模板、财产赠与、精品模板下载、万篇模板下载、通用模板、报告、申请书
938.png,笔记本、铅笔、作文,橙、红、粉,作文、范文、写作、满分作文、单元作文、节日作文、应用作文、读后感、计划总结、总结汇报、申请证明、名师精选范文、万能写作模板、精品写作素材、标准格式范文、作文百篇精选、范文模板大全、全年级单元作文、作文三步速成、海量范文素材
939.png,文件夹、文档、精选,青、蓝、黄,模板、合同、租房合同、离职报告、工作总结、月度总结、季度总结、年度总结、办公文档、协议、婚前协议、离婚协议、遗嘱模板、财产赠与、精品模板下载、万篇模板下载、通用模板、报告、申请书
940.png,文档、资料、下载、作文,蓝、橙、绿,作文、范文、写作、满分作文、单元作文、节日作文、应用作文、读后感、计划总结、总结汇报、申请证明、名师精选范文、万能写作模板、精品写作素材、标准格式范文、作文百篇精选、范文模板大全、全年级单元作文、作文三步速成、海量范文素材、模板、合同、租房合同、离职报告、工作总结、月度总结、季度总结、年度总结、办公文档、协议、婚前协议、离婚协议、遗嘱模板、财产赠与、精品模板下载、万篇模板下载
941.png,清单、智能、系统,蓝、青、绿,AI写作、AI文章生成、在线文案生成、智能润色、智能润色改写、一键扩写、深度创作、专业文稿创作、文案生成、写文案、写大纲、帮我写作文、帮我写总结、帮我写心得、帮我写计划、AI写作搭子、试卷、试题、题库、真题、考试、模考、单元检测、同步单元测试、期中期末、月考模拟、专项突破、易错题、答案解析、资料下载、学科专项、历年名校联考、资格考试、高效出卷、有效提分、提分密卷
942.png,目标、突破、提升、精准,青、绿、橙,试卷、试题、题库、真题、考试、模考、单元检测、同步单元测试、期中期末、月考模拟、专项突破、易错题、答案解析、资料下载、学科专项、历年名校联考、资格考试、高效出卷、有效提分、提分密卷、考点速刷、套卷下载、提分、突破、提升、精准练习
943.png,笔记本、便签、作文、范文,红、黄、橙,作文、范文、写作、满分作文、单元作文、节日作文、应用作文、读后感、计划总结、总结汇报、申请证明、名师精选范文、万能写作模板、精品写作素材、标准格式范文、作文百篇精选、范文模板大全、全年级单元作文、作文三步速成、海量范文素材
944.png,节日、作文,红、粉、蓝,作文、范文、写作、满分作文、单元作文、节日作文、应用作文、读后感、计划总结、总结汇报、申请证明、名师精选范文、万能写作模板、精品写作素材、标准格式范文、作文百篇精选、范文模板大全、全年级单元作文、作文三步速成、海量范文素材
945.png,文档、便签、作文,红、蓝、粉,作文、范文、写作、满分作文、单元作文、节日作文、应用作文、读后感、计划总结、总结汇报、申请证明、名师精选范文、万能写作模板、精品写作素材、标准格式范文、作文百篇精选、范文模板大全、全年级单元作文、作文三步速成、海量范文素材、模板、合同、租房合同、离职报告、工作总结、月度总结、季度总结、年度总结、办公文档、协议、婚前协议、离婚协议、遗嘱模板、财产赠与、精品模板下载、万篇模板下载
946.png,清单、铅笔,红、橙、黄,作文、范文、写作、满分作文、单元作文、节日作文、应用作文、读后感、计划总结、总结汇报、申请证明、名师精选范文、万能写作模板、精品写作素材、标准格式范文、作文百篇精选、范文模板大全、全年级单元作文、作文三步速成、海量范文素材、试卷、试题、题库、真题、考试、模考、单元检测、同步单元测试、期中期末、月考模拟、专项突破、易错题、答案解析、资料下载、学科专项、历年名校联考
947.png,作文、奖章、满分,红、黄、橙,作文、范文、写作、满分作文、单元作文、节日作文、应用作文、读后感、计划总结、总结汇报、申请证明、名师精选范文、万能写作模板、精品写作素材、标准格式范文、作文百篇精选、范文模板大全、全年级单元作文、作文三步速成、海量范文素材、试卷、试题、题库、真题、考试、模考、单元检测、同步单元测试、期中期末、月考模拟、专项突破、易错题、答案解析、资料下载、学科专项、历年名校联考
948.png,文档、下载、纸张、作文,青、蓝、绿,作文、范文、写作、满分作文、单元作文、节日作文、应用作文、读后感、计划总结、总结汇报、申请证明、名师精选范文、万能写作模板、精品写作素材、标准格式范文、作文百篇精选、范文模板大全、全年级单元作文、作文三步速成、海量范文素材、模板、合同、租房合同、离职报告、工作总结、月度总结、季度总结、年度总结、办公文档、协议、婚前协议、离婚协议、遗嘱模板、财产赠与、精品模板下载、万篇模板下载
949.png,提升、作文、纸、文具,青、黄、蓝,作文、范文、写作、满分作文、单元作文、节日作文、应用作文、读后感、计划总结、总结汇报、申请证明、名师精选范文、万能写作模板、精品写作素材、标准格式范文、作文百篇精选、范文模板大全、全年级单元作文、作文三步速成、海量范文素材、提分、突破、提升、精准练习、学习、文具、数学、课堂
950.png,夹板、文档、高效,蓝、青、黄,试卷、试题、题库、真题、考试、模考、单元检测、同步单元测试、期中期末、月考模拟、专项突破、易错题、答案解析、资料下载、学科专项、历年名校联考、资格考试、高效出卷、有效提分、提分密卷、考点速刷、套卷下载、模板、合同、租房合同、离职报告、工作总结、月度总结、季度总结、年度总结、办公文档、协议、婚前协议、离婚协议、遗嘱模板、财产赠与
951.png,目标、突破、提升、精准,青、蓝、橙,试卷、试题、题库、真题、考试、模考、单元检测、同步单元测试、期中期末、月考模拟、专项突破、易错题、答案解析、资料下载、学科专项、历年名校联考、资格考试、高效出卷、有效提分、提分密卷、考点速刷、套卷下载、提分、突破、提升、精准练习
952.png,满分、精选,蓝、青、绿,试卷、试题、题库、真题、考试、模考、单元检测、同步单元测试、期中期末、月考模拟、专项突破、易错题、答案解析、资料下载、学科专项、历年名校联考、资格考试、高效出卷、有效提分、提分密卷、考点速刷、套卷下载
953.png,书本、作文、范文,橙、蓝、黄,作文、范文、写作、满分作文、单元作文、节日作文、应用作文、读后感、计划总结、总结汇报、申请证明、名师精选范文、万能写作模板、精品写作素材、标准格式范文、作文百篇精选、范文模板大全、全年级单元作文、作文三步速成、海量范文素材、教辅、答案、解析、难题视频讲解、整本答案核对、整本教辅答案、同步教学进度、各科教辅覆盖、全年教辅资料、视频讲解
954.png,奖杯、全新、作文、范文,黄、橙、蓝,作文、范文、写作、满分作文、单元作文、节日作文、应用作文、读后感、计划总结、总结汇报、申请证明、名师精选范文、万能写作模板、精品写作素材、标准格式范文、作文百篇精选、范文模板大全、全年级单元作文、作文三步速成、海量范文素材
956.png,奖杯、纸张、笔,橙、黄、红,作文、范文、写作、满分作文、单元作文、节日作文、应用作文、读后感、计划总结、总结汇报、申请证明、名师精选范文、万能写作模板、精品写作素材、标准格式范文、作文百篇精选、范文模板大全、全年级单元作文、作文三步速成、海量范文素材
957.png,书本、文档,黄、蓝、橙,作文、范文、写作、满分作文、单元作文、节日作文、应用作文、读后感、计划总结、总结汇报、申请证明、名师精选范文、万能写作模板、精品写作素材、标准格式范文、作文百篇精选、范文模板大全、全年级单元作文、作文三步速成、海量范文素材、模板、合同、租房合同、离职报告、工作总结、月度总结、季度总结、年度总结、办公文档、协议、婚前协议、离婚协议、遗嘱模板、财产赠与、精品模板下载、万篇模板下载
958.png,试卷、作文、笔,蓝、紫、粉,作文、范文、写作、满分作文、单元作文、节日作文、应用作文、读后感、计划总结、总结汇报、申请证明、名师精选范文、万能写作模板、精品写作素材、标准格式范文、作文百篇精选、范文模板大全、全年级单元作文、作文三步速成、海量范文素材、试卷、试题、题库、真题、考试、模考、单元检测、同步单元测试、期中期末、月考模拟、专项突破、易错题、答案解析、资料下载、学科专项、历年名校联考
959.png,精选、笔、作文、模板,青、黄、绿,作文、范文、写作、满分作文、单元作文、节日作文、应用作文、读后感、计划总结、总结汇报、申请证明、名师精选范文、万能写作模板、精品写作素材、标准格式范文、作文百篇精选、范文模板大全、全年级单元作文、作文三步速成、海量范文素材
960.png,文件夹、纸,青、绿、蓝,模板、合同、租房合同、离职报告、工作总结、月度总结、季度总结、年度总结、办公文档、协议、婚前协议、离婚协议、遗嘱模板、财产赠与、精品模板下载、万篇模板下载、通用模板、报告、申请书
961.png,文件夹、纸,橙、蓝、红,模板、合同、租房合同、离职报告、工作总结、月度总结、季度总结、年度总结、办公文档、协议、婚前协议、离婚协议、遗嘱模板、财产赠与、精品模板下载、万篇模板下载、通用模板、报告、申请书
962.png,纸、文具、三角尺,橙、黄、蓝,学习、文具、数学、课堂
963.png,文档、资料、作文、合同,橙、黄、红,作文、范文、写作、满分作文、单元作文、节日作文、应用作文、读后感、计划总结、总结汇报、申请证明、名师精选范文、万能写作模板、精品写作素材、标准格式范文、作文百篇精选、范文模板大全、全年级单元作文、作文三步速成、海量范文素材、模板、合同、租房合同、离职报告、工作总结、月度总结、季度总结、年度总结、办公文档、协议、婚前协议、离婚协议、遗嘱模板、财产赠与、精品模板下载、万篇模板下载
964.png,作文、纸、铅笔,橙、红、蓝,作文、范文、写作、满分作文、单元作文、节日作文、应用作文、读后感、计划总结、总结汇报、申请证明、名师精选范文、万能写作模板、精品写作素材、标准格式范文、作文百篇精选、范文模板大全、全年级单元作文、作文三步速成、海量范文素材
965.png,作文、写作、AI,蓝、粉、青,AI写作、AI文章生成、在线文案生成、智能润色、智能润色改写、一键扩写、深度创作、专业文稿创作、文案生成、写文案、写大纲、帮我写作文、帮我写总结、帮我写心得、帮我写计划、AI写作搭子、作文、范文、写作、满分作文、单元作文、节日作文、应用作文、读后感、计划总结、总结汇报、申请证明、名师精选范文、万能写作模板、精品写作素材、标准格式范文、作文百篇精选、范文模板大全、全年级单元作文、作文三步速成、海量范文素材
967.png,文件夹、文档、精选,橙、黄、粉,模板、合同、租房合同、离职报告、工作总结、月度总结、季度总结、年度总结、办公文档、协议、婚前协议、离婚协议、遗嘱模板、财产赠与、精品模板下载、万篇模板下载、通用模板、报告、申请书
968.png,笔记本、箭头、纸,青、蓝、黄,作文、范文、写作、满分作文、单元作文、节日作文、应用作文、读后感、计划总结、总结汇报、申请证明、名师精选范文、万能写作模板、精品写作素材、标准格式范文、作文百篇精选、范文模板大全、全年级单元作文、作文三步速成、海量范文素材
969.png,笔记本、箭头、提升,青、黄、橙,作文、范文、写作、满分作文、单元作文、节日作文、应用作文、读后感、计划总结、总结汇报、申请证明、名师精选范文、万能写作模板、精品写作素材、标准格式范文、作文百篇精选、范文模板大全、全年级单元作文、作文三步速成、海量范文素材、提分、突破、提升、精准练习
970.png,夹板、文档、笔,黄、橙、蓝,作文、范文、写作、满分作文、单元作文、节日作文、应用作文、读后感、计划总结、总结汇报、申请证明、名师精选范文、万能写作模板、精品写作素材、标准格式范文、作文百篇精选、范文模板大全、全年级单元作文、作文三步速成、海量范文素材、试卷、试题、题库、真题、考试、模考、单元检测、同步单元测试、期中期末、月考模拟、专项突破、易错题、答案解析、资料下载、学科专项、历年名校联考
971.png,纸、笔、作文,橙、蓝、黄,作文、范文、写作、满分作文、单元作文、节日作文、应用作文、读后感、计划总结、总结汇报、申请证明、名师精选范文、万能写作模板、精品写作素材、标准格式范文、作文百篇精选、范文模板大全、全年级单元作文、作文三步速成、海量范文素材
973.png,文档、夹板、纸,青、蓝、黄,试卷、试题、题库、真题、考试、模考、单元检测、同步单元测试、期中期末、月考模拟、专项突破、易错题、答案解析、资料下载、学科专项、历年名校联考、资格考试、高效出卷、有效提分、提分密卷、考点速刷、套卷下载、模板、合同、租房合同、离职报告、工作总结、月度总结、季度总结、年度总结、办公文档、协议、婚前协议、离婚协议、遗嘱模板、财产赠与
974.png,试卷、提升、纸,橙、黄、蓝,试卷、试题、题库、真题、考试、模考、单元检测、同步单元测试、期中期末、月考模拟、专项突破、易错题、答案解析、资料下载、学科专项、历年名校联考、资格考试、高效出卷、有效提分、提分密卷、考点速刷、套卷下载、教辅、答案、解析、难题视频讲解、整本答案核对、整本教辅答案、同步教学进度、各科教辅覆盖、全年教辅资料、视频讲解、提分、突破、提升、精准练习
975.png,日历、精选、考试,黄、橙、绿,试卷、试题、题库、真题、考试、模考、单元检测、同步单元测试、期中期末、月考模拟、专项突破、易错题、答案解析、资料下载、学科专项、历年名校联考、资格考试、高效出卷、有效提分、提分密卷、考点速刷、套卷下载
976.png,考试、识别、答案,橙、青、黄,试卷、试题、题库、真题、考试、模考、单元检测、同步单元测试、期中期末、月考模拟、专项突破、易错题、答案解析、资料下载、学科专项、历年名校联考、资格考试、高效出卷、有效提分、提分密卷、考点速刷、套卷下载
977.png,对话、素材,蓝、粉、青,精选、优质、热门、高效、提升、突破、精准、下载、资料、素材
978.png,日历、精选、考试,蓝、紫、黄,试卷、试题、题库、真题、考试、模考、单元检测、同步单元测试、期中期末、月考模拟、专项突破、易错题、答案解析、资料下载、学科专项、历年名校联考、资格考试、高效出卷、有效提分、提分密卷、考点速刷、套卷下载
979.png,清单、答案、放大镜,绿、橙、黄,试卷、试题、题库、真题、考试、模考、单元检测、同步单元测试、期中期末、月考模拟、专项突破、易错题、答案解析、资料下载、学科专项、历年名校联考、资格考试、高效出卷、有效提分、提分密卷、考点速刷、套卷下载、教辅、答案、解析、难题视频讲解、整本答案核对、整本教辅答案、同步教学进度、各科教辅覆盖、全年教辅资料、视频讲解、搜索、查找
980.png,夹板、满分、提升,红、橙、粉,试卷、试题、题库、真题、考试、模考、单元检测、同步单元测试、期中期末、月考模拟、专项突破、易错题、答案解析、资料下载、学科专项、历年名校联考、资格考试、高效出卷、有效提分、提分密卷、考点速刷、套卷下载、教辅、答案、解析、难题视频讲解、整本答案核对、整本教辅答案、同步教学进度、各科教辅覆盖、全年教辅资料、视频讲解、提分、突破、提升、精准练习
981.png,夹板、试题、解析,橙、黄、绿,试卷、试题、题库、真题、考试、模考、单元检测、同步单元测试、期中期末、月考模拟、专项突破、易错题、答案解析、资料下载、学科专项、历年名校联考、资格考试、高效出卷、有效提分、提分密卷、考点速刷、套卷下载、教辅、答案、解析、难题视频讲解、整本答案核对、整本教辅答案、同步教学进度、各科教辅覆盖、全年教辅资料、视频讲解
982.png,试卷、AI、精选,蓝、青、橙,AI写作、AI文章生成、在线文案生成、智能润色、智能润色改写、一键扩写、深度创作、专业文稿创作、文案生成、写文案、写大纲、帮我写作文、帮我写总结、帮我写心得、帮我写计划、AI写作搭子、试卷、试题、题库、真题、考试、模考、单元检测、同步单元测试、期中期末、月考模拟、专项突破、易错题、答案解析、资料下载、学科专项、历年名校联考、资格考试、高效出卷、有效提分、提分密卷
983.png,视频、课程、素材,蓝、紫、粉,教辅、答案、解析、难题视频讲解、整本答案核对、整本教辅答案、同步教学进度、各科教辅覆盖、全年教辅资料、视频讲解
984.png,纸张、作文、爱心,蓝、粉、红,作文、范文、写作、满分作文、单元作文、节日作文、应用作文、读后感、计划总结、总结汇报、申请证明、名师精选范文、万能写作模板、精品写作素材、标准格式范文、作文百篇精选、范文模板大全、全年级单元作文、作文三步速成、海量范文素材
985.png,文档、回形针、资料,蓝、青、紫,模板、合同、租房合同、离职报告、工作总结、月度总结、季度总结、年度总结、办公文档、协议、婚前协议、离婚协议、遗嘱模板、财产赠与、精品模板下载、万篇模板下载、通用模板、报告、申请书
986.png,图表、数据、分析,蓝、黄、绿,精选、优质、热门、高效、提升、突破、精准、下载、资料、素材
987.png,账单、金币、资料,蓝、黄、橙,模板、合同、租房合同、离职报告、工作总结、月度总结、季度总结、年度总结、办公文档、协议、婚前协议、离婚协议、遗嘱模板、财产赠与、精品模板下载、万篇模板下载、通用模板、报告、申请书
988.png,图表、提升、增长,蓝、青、黄,提分、突破、提升、精准练习
989.png,夹板、文档、便签,青、蓝、黄,作文、范文、写作、满分作文、单元作文、节日作文、应用作文、读后感、计划总结、总结汇报、申请证明、名师精选范文、万能写作模板、精品写作素材、标准格式范文、作文百篇精选、范文模板大全、全年级单元作文、作文三步速成、海量范文素材、试卷、试题、题库、真题、考试、模考、单元检测、同步单元测试、期中期末、月考模拟、专项突破、易错题、答案解析、资料下载、学科专项、历年名校联考
990.png,书本、笔、学习,青、蓝、黄,作文、范文、写作、满分作文、单元作文、节日作文、应用作文、读后感、计划总结、总结汇报、申请证明、名师精选范文、万能写作模板、精品写作素材、标准格式范文、作文百篇精选、范文模板大全、全年级单元作文、作文三步速成、海量范文素材、教辅、答案、解析、难题视频讲解、整本答案核对、整本教辅答案、同步教学进度、各科教辅覆盖、全年教辅资料、视频讲解、学习、文具、数学、课堂
991.png,纸张、笔、作文,青、蓝、绿,作文、范文、写作、满分作文、单元作文、节日作文、应用作文、读后感、计划总结、总结汇报、申请证明、名师精选范文、万能写作模板、精品写作素材、标准格式范文、作文百篇精选、范文模板大全、全年级单元作文、作文三步速成、海量范文素材
992.png,夹板、三角尺、学习,青、蓝、黄,试卷、试题、题库、真题、考试、模考、单元检测、同步单元测试、期中期末、月考模拟、专项突破、易错题、答案解析、资料下载、学科专项、历年名校联考、资格考试、高效出卷、有效提分、提分密卷、考点速刷、套卷下载、教辅、答案、解析、难题视频讲解、整本答案核对、整本教辅答案、同步教学进度、各科教辅覆盖、全年教辅资料、视频讲解、学习、文具、数学、课堂
993.png,试卷、提升、纸,青、绿、黄,试卷、试题、题库、真题、考试、模考、单元检测、同步单元测试、期中期末、月考模拟、专项突破、易错题、答案解析、资料下载、学科专项、历年名校联考、资格考试、高效出卷、有效提分、提分密卷、考点速刷、套卷下载、教辅、答案、解析、难题视频讲解、整本答案核对、整本教辅答案、同步教学进度、各科教辅覆盖、全年教辅资料、视频讲解、提分、突破、提升、精准练习
994.png,试卷、资料、精选,蓝、紫、青,试卷、试题、题库、真题、考试、模考、单元检测、同步单元测试、期中期末、月考模拟、专项突破、易错题、答案解析、资料下载、学科专项、历年名校联考、资格考试、高效出卷、有效提分、提分密卷、考点速刷、套卷下载、模板、合同、租房合同、离职报告、工作总结、月度总结、季度总结、年度总结、办公文档、协议、婚前协议、离婚协议、遗嘱模板、财产赠与
995.png,夹板、星标、文档,蓝、紫、青,试卷、试题、题库、真题、考试、模考、单元检测、同步单元测试、期中期末、月考模拟、专项突破、易错题、答案解析、资料下载、学科专项、历年名校联考、资格考试、高效出卷、有效提分、提分密卷、考点速刷、套卷下载、模板、合同、租房合同、离职报告、工作总结、月度总结、季度总结、年度总结、办公文档、协议、婚前协议、离婚协议、遗嘱模板、财产赠与
996.png,清单、勾选、考试,蓝、紫、黄,试卷、试题、题库、真题、考试、模考、单元检测、同步单元测试、期中期末、月考模拟、专项突破、易错题、答案解析、资料下载、学科专项、历年名校联考、资格考试、高效出卷、有效提分、提分密卷、考点速刷、套卷下载、教辅、答案、解析、难题视频讲解、整本答案核对、整本教辅答案、同步教学进度、各科教辅覆盖、全年教辅资料、视频讲解
997.png,书本、笔记、学习,蓝、紫、青,作文、范文、写作、满分作文、单元作文、节日作文、应用作文、读后感、计划总结、总结汇报、申请证明、名师精选范文、万能写作模板、精品写作素材、标准格式范文、作文百篇精选、范文模板大全、全年级单元作文、作文三步速成、海量范文素材、教辅、答案、解析、难题视频讲解、整本答案核对、整本教辅答案、同步教学进度、各科教辅覆盖、全年教辅资料、视频讲解、学习、文具、数学、课堂
998.png,笔记本、笔、作文,橙、蓝、黄,作文、范文、写作、满分作文、单元作文、节日作文、应用作文、读后感、计划总结、总结汇报、申请证明、名师精选范文、万能写作模板、精品写作素材、标准格式范文、作文百篇精选、范文模板大全、全年级单元作文、作文三步速成、海量范文素材
999.png,文档、放大镜、精选,青、蓝、紫,模板、合同、租房合同、离职报告、工作总结、月度总结、季度总结、年度总结、办公文档、协议、婚前协议、离婚协议、遗嘱模板、财产赠与、精品模板下载、万篇模板下载、通用模板、报告、申请书、教辅、答案、解析、难题视频讲解、整本答案核对、整本教辅答案、同步教学进度、各科教辅覆盖、全年教辅资料、视频讲解、搜索、查找、资料下载、答案解析
1000.png,书本、笔、作文,蓝、紫、橙,作文、范文、写作、满分作文、单元作文、节日作文、应用作文、读后感、计划总结、总结汇报、申请证明、名师精选范文、万能写作模板、精品写作素材、标准格式范文、作文百篇精选、范文模板大全、全年级单元作文、作文三步速成、海量范文素材、教辅、答案、解析、难题视频讲解、整本答案核对、整本教辅答案、同步教学进度、各科教辅覆盖、全年教辅资料、视频讲解
1001.png,写字板、笔、文档,蓝、紫、青,作文、范文、写作、满分作文、单元作文、节日作文、应用作文、读后感、计划总结、总结汇报、申请证明、名师精选范文、万能写作模板、精品写作素材、标准格式范文、作文百篇精选、范文模板大全、全年级单元作文、作文三步速成、海量范文素材、模板、合同、租房合同、离职报告、工作总结、月度总结、季度总结、年度总结、办公文档、协议、婚前协议、离婚协议、遗嘱模板、财产赠与、精品模板下载、万篇模板下载
1002.png,日历、课表、考试,黄、粉、紫,试卷、试题、题库、真题、考试、模考、单元检测、同步单元测试、期中期末、月考模拟、专项突破、易错题、答案解析、资料下载、学科专项、历年名校联考、资格考试、高效出卷、有效提分、提分密卷、考点速刷、套卷下载
1003.png,笔记本、灯泡、灵感,蓝、黄、青,作文、范文、写作、满分作文、单元作文、节日作文、应用作文、读后感、计划总结、总结汇报、申请证明、名师精选范文、万能写作模板、精品写作素材、标准格式范文、作文百篇精选、范文模板大全、全年级单元作文、作文三步速成、海量范文素材
1004.png,礼盒、素材、精选,蓝、紫、粉,轻阅读、趣味知识、趣味知识游戏、十万个为什么、猜字谜、歇后语、猜诗句
1005.png,文件盒、文档、资料,青、蓝、绿,模板、合同、租房合同、离职报告、工作总结、月度总结、季度总结、年度总结、办公文档、协议、婚前协议、离婚协议、遗嘱模板、财产赠与、精品模板下载、万篇模板下载、通用模板、报告、申请书
1006.png,清单、笔、文档,青、蓝、绿,作文、范文、写作、满分作文、单元作文、节日作文、应用作文、读后感、计划总结、总结汇报、申请证明、名师精选范文、万能写作模板、精品写作素材、标准格式范文、作文百篇精选、范文模板大全、全年级单元作文、作文三步速成、海量范文素材、试卷、试题、题库、真题、考试、模考、单元检测、同步单元测试、期中期末、月考模拟、专项突破、易错题、答案解析、资料下载、学科专项、历年名校联考
1007.png,日程、清单、课表,青、蓝、绿,试卷、试题、题库、真题、考试、模考、单元检测、同步单元测试、期中期末、月考模拟、专项突破、易错题、答案解析、资料下载、学科专项、历年名校联考、资格考试、高效出卷、有效提分、提分密卷、考点速刷、套卷下载、教辅、答案、解析、难题视频讲解、整本答案核对、整本教辅答案、同步教学进度、各科教辅覆盖、全年教辅资料、视频讲解
1008.png,日历、课表、考试,青、蓝、黄,试卷、试题、题库、真题、考试、模考、单元检测、同步单元测试、期中期末、月考模拟、专项突破、易错题、答案解析、资料下载、学科专项、历年名校联考、资格考试、高效出卷、有效提分、提分密卷、考点速刷、套卷下载
1009.png,文件夹、咖啡、办公,蓝、橙、青,模板、合同、租房合同、离职报告、工作总结、月度总结、季度总结、年度总结、办公文档、协议、婚前协议、离婚协议、遗嘱模板、财产赠与、精品模板下载、万篇模板下载、通用模板、报告、申请书
1010.png,AI、夹板、文档,蓝、紫、青,AI写作、AI文章生成、在线文案生成、智能润色、智能润色改写、一键扩写、深度创作、专业文稿创作、文案生成、写文案、写大纲、帮我写作文、帮我写总结、帮我写心得、帮我写计划、AI写作搭子、试卷、试题、题库、真题、考试、模考、单元检测、同步单元测试、期中期末、月考模拟、专项突破、易错题、答案解析、资料下载、学科专项、历年名校联考、资格考试、高效出卷、有效提分、提分密卷
1011.png,夹板、文档、笔,橙、青、蓝,作文、范文、写作、满分作文、单元作文、节日作文、应用作文、读后感、计划总结、总结汇报、申请证明、名师精选范文、万能写作模板、精品写作素材、标准格式范文、作文百篇精选、范文模板大全、全年级单元作文、作文三步速成、海量范文素材、试卷、试题、题库、真题、考试、模考、单元检测、同步单元测试、期中期末、月考模拟、专项突破、易错题、答案解析、资料下载、学科专项、历年名校联考
1012.png,清单、勾选、报告,橙、青、蓝,试卷、试题、题库、真题、考试、模考、单元检测、同步单元测试、期中期末、月考模拟、专项突破、易错题、答案解析、资料下载、学科专项、历年名校联考、资格考试、高效出卷、有效提分、提分密卷、考点速刷、套卷下载、教辅、答案、解析、难题视频讲解、整本答案核对、整本教辅答案、同步教学进度、各科教辅覆盖、全年教辅资料、视频讲解
1013.png,文件夹、文档、三角尺,橙、黄、蓝,模板、合同、租房合同、离职报告、工作总结、月度总结、季度总结、年度总结、办公文档、协议、婚前协议、离婚协议、遗嘱模板、财产赠与、精品模板下载、万篇模板下载、通用模板、报告、申请书、学习、文具、数学、课堂
1014.png,笔记本、便签、文档,橙、黄、粉,作文、范文、写作、满分作文、单元作文、节日作文、应用作文、读后感、计划总结、总结汇报、申请证明、名师精选范文、万能写作模板、精品写作素材、标准格式范文、作文百篇精选、范文模板大全、全年级单元作文、作文三步速成、海量范文素材、模板、合同、租房合同、离职报告、工作总结、月度总结、季度总结、年度总结、办公文档、协议、婚前协议、离婚协议、遗嘱模板、财产赠与、精品模板下载、万篇模板下载
1015.png,文档、放大镜、精选,黄、橙、蓝,模板、合同、租房合同、离职报告、工作总结、月度总结、季度总结、年度总结、办公文档、协议、婚前协议、离婚协议、遗嘱模板、财产赠与、精品模板下载、万篇模板下载、通用模板、报告、申请书、教辅、答案、解析、难题视频讲解、整本答案核对、整本教辅答案、同步教学进度、各科教辅覆盖、全年教辅资料、视频讲解、搜索、查找、资料下载、答案解析
1016.png,书本、笔、学习,橙、黄、蓝,作文、范文、写作、满分作文、单元作文、节日作文、应用作文、读后感、计划总结、总结汇报、申请证明、名师精选范文、万能写作模板、精品写作素材、标准格式范文、作文百篇精选、范文模板大全、全年级单元作文、作文三步速成、海量范文素材、教辅、答案、解析、难题视频讲解、整本答案核对、整本教辅答案、同步教学进度、各科教辅覆盖、全年教辅资料、视频讲解、学习、文具、数学、课堂
1017.png,写字板、笔、文档,黄、橙、蓝,作文、范文、写作、满分作文、单元作文、节日作文、应用作文、读后感、计划总结、总结汇报、申请证明、名师精选范文、万能写作模板、精品写作素材、标准格式范文、作文百篇精选、范文模板大全、全年级单元作文、作文三步速成、海量范文素材、模板、合同、租房合同、离职报告、工作总结、月度总结、季度总结、年度总结、办公文档、协议、婚前协议、离婚协议、遗嘱模板、财产赠与、精品模板下载、万篇模板下载
1018.png,日历、课表、考试,黄、橙、红,试卷、试题、题库、真题、考试、模考、单元检测、同步单元测试、期中期末、月考模拟、专项突破、易错题、答案解析、资料下载、学科专项、历年名校联考、资格考试、高效出卷、有效提分、提分密卷、考点速刷、套卷下载
1019.png,笔记本、灯泡、灵感,黄、橙、青,作文、范文、写作、满分作文、单元作文、节日作文、应用作文、读后感、计划总结、总结汇报、申请证明、名师精选范文、万能写作模板、精品写作素材、标准格式范文、作文百篇精选、范文模板大全、全年级单元作文、作文三步速成、海量范文素材
1020.png,笔记本、分数、范文,黄、橙、蓝,作文、范文、写作、满分作文、单元作文、节日作文、应用作文、读后感、计划总结、总结汇报、申请证明、名师精选范文、万能写作模板、精品写作素材、标准格式范文、作文百篇精选、范文模板大全、全年级单元作文、作文三步速成、海量范文素材、试卷、试题、题库、真题、考试、模考、单元检测、同步单元测试、期中期末、月考模拟、专项突破、易错题、答案解析、资料下载、学科专项、历年名校联考
1021.png,文件夹、咖啡、办公,橙、黄、蓝,模板、合同、租房合同、离职报告、工作总结、月度总结、季度总结、年度总结、办公文档、协议、婚前协议、离婚协议、遗嘱模板、财产赠与、精品模板下载、万篇模板下载、通用模板、报告、申请书
1022.png,文档、星标、精选,橙、黄、粉,模板、合同、租房合同、离职报告、工作总结、月度总结、季度总结、年度总结、办公文档、协议、婚前协议、离婚协议、遗嘱模板、财产赠与、精品模板下载、万篇模板下载、通用模板、报告、申请书
1023.png,文件夹、文档、资料,橙、黄、蓝,模板、合同、租房合同、离职报告、工作总结、月度总结、季度总结、年度总结、办公文档、协议、婚前协议、离婚协议、遗嘱模板、财产赠与、精品模板下载、万篇模板下载、通用模板、报告、申请书
1024.png,文件夹、文档、下载,黄、橙、蓝,模板、合同、租房合同、离职报告、工作总结、月度总结、季度总结、年度总结、办公文档、协议、婚前协议、离婚协议、遗嘱模板、财产赠与、精品模板下载、万篇模板下载、通用模板、报告、申请书
1026.png,文件盒、文档、下载,蓝、青、紫,模板、合同、租房合同、离职报告、工作总结、月度总结、季度总结、年度总结、办公文档、协议、婚前协议、离婚协议、遗嘱模板、财产赠与、精品模板下载、万篇模板下载、通用模板、报告、申请书
1027.png,文件盒、工牌、资料,蓝、青、紫,模板、合同、租房合同、离职报告、工作总结、月度总结、季度总结、年度总结、办公文档、协议、婚前协议、离婚协议、遗嘱模板、财产赠与、精品模板下载、万篇模板下载、通用模板、报告、申请书
1028.png,文件盒、工牌、资料,蓝、青、紫,模板、合同、租房合同、离职报告、工作总结、月度总结、季度总结、年度总结、办公文档、协议、婚前协议、离婚协议、遗嘱模板、财产赠与、精品模板下载、万篇模板下载、通用模板、报告、申请书
1029.png,文件盒、工牌、文档,蓝、青、紫,模板、合同、租房合同、离职报告、工作总结、月度总结、季度总结、年度总结、办公文档、协议、婚前协议、离婚协议、遗嘱模板、财产赠与、精品模板下载、万篇模板下载、通用模板、报告、申请书
1030.png,纸张、笔、作文,青、蓝、紫,作文、范文、写作、满分作文、单元作文、节日作文、应用作文、读后感、计划总结、总结汇报、申请证明、名师精选范文、万能写作模板、精品写作素材、标准格式范文、作文百篇精选、范文模板大全、全年级单元作文、作文三步速成、海量范文素材
1031.png,纸张、笔、作文,蓝、紫、青,作文、范文、写作、满分作文、单元作文、节日作文、应用作文、读后感、计划总结、总结汇报、申请证明、名师精选范文、万能写作模板、精品写作素材、标准格式范文、作文百篇精选、范文模板大全、全年级单元作文、作文三步速成、海量范文素材
1032.png,试卷、纸张、文档,青、蓝、紫,在线文案生成、作文、范文、写作、满分作文、单元作文、节日作文、应用作文、读后感、计划总结、总结汇报、申请证明、名师精选范文、万能写作模板、精品写作素材、标准格式范文、作文百篇精选、范文模板大全、全年级单元作文、作文三步速成、海量范文素材、试卷、试题、题库、真题、考试、模考、单元检测、同步单元测试、期中期末、月考模拟、专项突破、易错题、答案解析、资料下载、学科专项、历年名校联考
1033.png,纸张、笔、作文,青、蓝、紫,作文、范文、写作、满分作文、单元作文、节日作文、应用作文、读后感、计划总结、总结汇报、申请证明、名师精选范文、万能写作模板、精品写作素材、标准格式范文、作文百篇精选、范文模板大全、全年级单元作文、作文三步速成、海量范文素材
1034.png,AI、纸张、写作,蓝、紫、青,AI写作、AI文章生成、在线文案生成、智能润色、智能润色改写、一键扩写、深度创作、专业文稿创作、文案生成、写文案、写大纲、帮我写作文、帮我写总结、帮我写心得、帮我写计划、AI写作搭子、作文、范文、写作、满分作文、单元作文、节日作文、应用作文、读后感、计划总结、总结汇报、申请证明、名师精选范文、万能写作模板、精品写作素材、标准格式范文、作文百篇精选、范文模板大全、全年级单元作文、作文三步速成、海量范文素材
1035.png,纸张、笔、作文,青、蓝、紫,作文、范文、写作、满分作文、单元作文、节日作文、应用作文、读后感、计划总结、总结汇报、申请证明、名师精选范文、万能写作模板、精品写作素材、标准格式范文、作文百篇精选、范文模板大全、全年级单元作文、作文三步速成、海量范文素材
1036.png,书本、学习、资料,蓝、紫、灰,作文、范文、写作、满分作文、单元作文、节日作文、应用作文、读后感、计划总结、总结汇报、申请证明、名师精选范文、万能写作模板、精品写作素材、标准格式范文、作文百篇精选、范文模板大全、全年级单元作文、作文三步速成、海量范文素材、模板、合同、租房合同、离职报告、工作总结、月度总结、季度总结、年度总结、办公文档、协议、婚前协议、离婚协议、遗嘱模板、财产赠与、精品模板下载、万篇模板下载
1037.png,文档、放大镜、精选,粉、橙、黄,模板、合同、租房合同、离职报告、工作总结、月度总结、季度总结、年度总结、办公文档、协议、婚前协议、离婚协议、遗嘱模板、财产赠与、精品模板下载、万篇模板下载、通用模板、报告、申请书、教辅、答案、解析、难题视频讲解、整本答案核对、整本教辅答案、同步教学进度、各科教辅覆盖、全年教辅资料、视频讲解、搜索、查找、资料下载、答案解析
1038.png,实验、试管、知识,黄、橙、蓝,轻阅读、趣味知识、趣味知识游戏、十万个为什么、猜字谜、歇后语、猜诗句
1039.png,笔记本、三角尺、学习,黄、橙、青,作文、范文、写作、满分作文、单元作文、节日作文、应用作文、读后感、计划总结、总结汇报、申请证明、名师精选范文、万能写作模板、精品写作素材、标准格式范文、作文百篇精选、范文模板大全、全年级单元作文、作文三步速成、海量范文素材、学习、文具、数学、课堂
1040.png,礼盒、礼物、福利,粉、红、紫,轻阅读、趣味知识、趣味知识游戏、十万个为什么、猜字谜、歇后语、猜诗句
1041.png,夹板、纸张、文档,蓝、青、紫,作文、范文、写作、满分作文、单元作文、节日作文、应用作文、读后感、计划总结、总结汇报、申请证明、名师精选范文、万能写作模板、精品写作素材、标准格式范文、作文百篇精选、范文模板大全、全年级单元作文、作文三步速成、海量范文素材、试卷、试题、题库、真题、考试、模考、单元检测、同步单元测试、期中期末、月考模拟、专项突破、易错题、答案解析、资料下载、学科专项、历年名校联考
1042.png,夹板、笔、纸张,橙、青、蓝,作文、范文、写作、满分作文、单元作文、节日作文、应用作文、读后感、计划总结、总结汇报、申请证明、名师精选范文、万能写作模板、精品写作素材、标准格式范文、作文百篇精选、范文模板大全、全年级单元作文、作文三步速成、海量范文素材、试卷、试题、题库、真题、考试、模考、单元检测、同步单元测试、期中期末、月考模拟、专项突破、易错题、答案解析、资料下载、学科专项、历年名校联考
1043.png,相机、图片、素材,蓝、粉、黄,轻阅读、趣味知识、趣味知识游戏、十万个为什么、猜字谜、歇后语、猜诗句
1044.png,标签、清单、资料,蓝、紫、黄,试卷、试题、题库、真题、考试、模考、单元检测、同步单元测试、期中期末、月考模拟、专项突破、易错题、答案解析、资料下载、学科专项、历年名校联考、资格考试、高效出卷、有效提分、提分密卷、考点速刷、套卷下载、模板、合同、租房合同、离职报告、工作总结、月度总结、季度总结、年度总结、办公文档、协议、婚前协议、离婚协议、遗嘱模板、财产赠与
1045.png,书本、课本、学习,红、蓝、黄,作文、范文、写作、满分作文、单元作文、节日作文、应用作文、读后感、计划总结、总结汇报、申请证明、名师精选范文、万能写作模板、精品写作素材、标准格式范文、作文百篇精选、范文模板大全、全年级单元作文、作文三步速成、海量范文素材、教辅、答案、解析、难题视频讲解、整本答案核对、整本教辅答案、同步教学进度、各科教辅覆盖、全年教辅资料、视频讲解、学习、文具、数学、课堂
1046.png,相机、镜头、图片,蓝、黄、橙,轻阅读、趣味知识、趣味知识游戏、十万个为什么、猜字谜、歇后语、猜诗句
1047.png,清单、日历、勾选,青、蓝、紫,试卷、试题、题库、真题、考试、模考、单元检测、同步单元测试、期中期末、月考模拟、专项突破、易错题、答案解析、资料下载、学科专项、历年名校联考、资格考试、高效出卷、有效提分、提分密卷、考点速刷、套卷下载、教辅、答案、解析、难题视频讲解、整本答案核对、整本教辅答案、同步教学进度、各科教辅覆盖、全年教辅资料、视频讲解
1048.png,笔筒、铅笔、文具,橙、黄、红,作文、范文、写作、满分作文、单元作文、节日作文、应用作文、读后感、计划总结、总结汇报、申请证明、名师精选范文、万能写作模板、精品写作素材、标准格式范文、作文百篇精选、范文模板大全、全年级单元作文、作文三步速成、海量范文素材、学习、文具、数学、课堂
1049.png,笔筒、铅笔、文具,黄、橙、绿,作文、范文、写作、满分作文、单元作文、节日作文、应用作文、读后感、计划总结、总结汇报、申请证明、名师精选范文、万能写作模板、精品写作素材、标准格式范文、作文百篇精选、范文模板大全、全年级单元作文、作文三步速成、海量范文素材、学习、文具、数学、课堂
